Datetime,Close,Volume
2026-01-09 00:00:00+00:00,91205.7734375,0
2026-01-09 01:00:00+00:00,90976.4921875,152719360
2026-01-09 02:00:00+00:00,90932.5546875,0
2026-01-09 03:00:00+00:00,91112.8046875,0
2026-01-09 04:00:00+00:00,90939.28125,0
2026-01-09 05:00:00+00:00,90971.515625,0
2026-01-09 06:00:00+00:00,91027.09375,0
2026-01-09 07:00:00+00:00,90687.078125,0
2026-01-09 08:00:00+00:00,89845.1328125,793100288
2026-01-09 09:00:00+00:00,90222.0234375,0
2026-01-09 10:00:00+00:00,90404.4609375,0
2026-01-09 11:00:00+00:00,90337.78125,0
2026-01-09 12:00:00+00:00,90348.6640625,0
2026-01-09 13:00:00+00:00,90550.796875,619769856
2026-01-09 14:00:00+00:00,90056.421875,0
2026-01-09 15:00:00+00:00,90999.8203125,2035843072
2026-01-09 16:00:00+00:00,91527.2890625,535068672
2026-01-09 17:00:00+00:00,91343.59375,0
2026-01-09 18:00:00+00:00,90781.109375,0
2026-01-09 19:00:00+00:00,90267.0546875,889446400
2026-01-09 20:00:00+00:00,90185.78125,0
2026-01-09 21:00:00+00:00,90421.0390625,0
2026-01-09 22:00:00+00:00,90502.359375,0
2026-01-09 23:00:00+00:00,90490.7734375,0
2026-01-10 00:00:00+00:00,90477.046875,0
2026-01-10 01:00:00+00:00,90567.203125,0
2026-01-10 02:00:00+00:00,90543.375,0
2026-01-10 03:00:00+00:00,90507.671875,0
2026-01-10 04:00:00+00:00,90326.484375,0
2026-01-10 05:00:00+00:00,90484.0546875,0
2026-01-10 06:00:00+00:00,90383.640625,15286272
2026-01-10 07:00:00+00:00,90537.1953125,0
2026-01-10 08:00:00+00:00,90531.078125,0
2026-01-10 09:00:00+00:00,90616.21875,0
2026-01-10 10:00:00+00:00,90685.1875,0
2026-01-10 11:00:00+00:00,90610.2734375,0
2026-01-10 12:00:00+00:00,90598.2890625,0
2026-01-10 13:00:00+00:00,90526.546875,0
2026-01-10 14:00:00+00:00,90456.796875,0
2026-01-10 15:00:00+00:00,90543.0546875,0
2026-01-10 16:00:00+00:00,90555.0390625,0
2026-01-10 17:00:00+00:00,90428.203125,0
2026-01-10 18:00:00+00:00,90476.0625,0
2026-01-10 19:00:00+00:00,90507.0390625,0
2026-01-10 20:00:00+00:00,90448.4609375,0
2026-01-10 21:00:00+00:00,90386.5546875,0
2026-01-10 22:00:00+00:00,90341.5703125,0
2026-01-10 23:00:00+00:00,90385.9140625,0
2026-01-11 00:00:00+00:00,90509.6875,0
2026-01-11 01:00:00+00:00,90509.9609375,0
2026-01-11 02:00:00+00:00,90579.109375,0
2026-01-11 03:00:00+00:00,90617.046875,0
2026-01-11 04:00:00+00:00,90662.78125,0
2026-01-11 05:00:00+00:00,90644.2890625,0
2026-01-11 06:00:00+00:00,90632.9921875,337265664
2026-01-11 07:00:00+00:00,90589.421875,0
2026-01-11 08:00:00+00:00,90668.0546875,0
2026-01-11 09:00:00+00:00,90623.921875,200894464
2026-01-11 10:00:00+00:00,90614.265625,0
2026-01-11 11:00:00+00:00,90593.4609375,132082688
2026-01-11 12:00:00+00:00,90825.1875,259120128
2026-01-11 13:00:00+00:00,90736.9296875,233666560
2026-01-11 14:00:00+00:00,91043.9453125,248259584
2026-01-11 15:00:00+00:00,90747.7578125,819688448
2026-01-11 16:00:00+00:00,90905.046875,654397440
2026-01-11 17:00:00+00:00,90869.96875,295511040
2026-01-11 18:00:00+00:00,90745.3515625,0
2026-01-11 19:00:00+00:00,90593.4765625,234848256
2026-01-11 20:00:00+00:00,90538.40625,725939200
2026-01-11 21:00:00+00:00,90646.3125,401456128
2026-01-11 22:00:00+00:00,90430.3515625,73481216
2026-01-11 23:00:00+00:00,90810.1484375,1107441664
2026-01-12 00:00:00+00:00,91032.3671875,879105024
2026-01-12 01:00:00+00:00,91262.015625,2222364672
2026-01-12 02:00:00+00:00,92115.5234375,2094305280
2026-01-12 03:00:00+00:00,91719.34375,1771446272
2026-01-12 04:00:00+00:00,92036.109375,978001920
2026-01-12 05:00:00+00:00,91991.640625,684238848
2026-01-12 06:00:00+00:00,91716.6796875,348442624
2026-01-12 07:00:00+00:00,91301.734375,982913024
2026-01-12 08:00:00+00:00,90669.2109375,1842366464
2026-01-12 09:00:00+00:00,90591.09375,794685440
2026-01-12 10:00:00+00:00,90278.859375,501448704
2026-01-12 11:00:00+00:00,90566.390625,826839040
2026-01-12 12:00:00+00:00,90672.5078125,156246016
2026-01-12 13:00:00+00:00,90533.3359375,397813760
2026-01-12 14:00:00+00:00,90803.7421875,2507259904
2026-01-12 15:00:00+00:00,91546.453125,1540530176
2026-01-12 16:00:00+00:00,92042.640625,1636651008
2026-01-12 17:00:00+00:00,91416.15625,2972286976
2026-01-12 18:00:00+00:00,91622.5859375,759361536
2026-01-12 19:00:00+00:00,91770.25,761724928
2026-01-12 20:00:00+00:00,91393.1953125,0
2026-01-12 21:00:00+00:00,90913.7265625,244572160
2026-01-12 22:00:00+00:00,91157.546875,346845184
2026-01-12 23:00:00+00:00,91157.1015625,0
2026-01-13 00:00:00+00:00,91386.7109375,2981888
2026-01-13 01:00:00+00:00,91058.9296875,0
2026-01-13 02:00:00+00:00,91114.5859375,0
2026-01-13 03:00:00+00:00,91291.3125,0
2026-01-13 04:00:00+00:00,91396.671875,0
2026-01-13 05:00:00+00:00,91803.9453125,1761660928
2026-01-13 06:00:00+00:00,92120.84375,218918912
2026-01-13 07:00:00+00:00,91853.8203125,730107904
2026-01-13 08:00:00+00:00,92087.9140625,0
2026-01-13 09:00:00+00:00,92149.171875,1037434880
2026-01-13 10:00:00+00:00,92029.3359375,259035136
2026-01-13 11:00:00+00:00,91893.6484375,33396477952
2026-01-13 12:00:00+00:00,91999.1171875,0
2026-01-13 13:00:00+00:00,91966.578125,36816220160
2026-01-13 14:00:00+00:00,92453.84375,0
2026-01-13 15:00:00+00:00,93283.03125,694923264
2026-01-13 16:00:00+00:00,93441.21875,1261322240
2026-01-13 17:00:00+00:00,93241.6796875,0
2026-01-13 18:00:00+00:00,93557.6484375,22642688
2026-01-13 19:00:00+00:00,94194.6484375,2483032064
2026-01-13 20:00:00+00:00,94438.890625,2689589248
2026-01-13 21:00:00+00:00,94074.9609375,1534304256
2026-01-13 22:00:00+00:00,95667.828125,5290397696
2026-01-13 23:00:00+00:00,95354.046875,2148032512
2026-01-14 00:00:00+00:00,95277.7734375,777388032
2026-01-14 01:00:00+00:00,95266.8515625,671092736
2026-01-14 02:00:00+00:00,95279.2109375,1220997120
2026-01-14 03:00:00+00:00,95630.9765625,2407698432
2026-01-14 04:00:00+00:00,95202.515625,786616320
2026-01-14 05:00:00+00:00,94988.1640625,0
2026-01-14 06:00:00+00:00,94976.859375,591003648
2026-01-14 07:00:00+00:00,95176.1328125,408600576
2026-01-14 08:00:00+00:00,94868.3046875,0
2026-01-14 09:00:00+00:00,95038.109375,0
2026-01-14 10:00:00+00:00,95059.109375,346828800
2026-01-14 11:00:00+00:00,94706.0078125,0
2026-01-14 12:00:00+00:00,95031.6484375,1391976448
2026-01-14 13:00:00+00:00,94937.046875,0
2026-01-14 14:00:00+00:00,96460.421875,1887080448
2026-01-14 15:00:00+00:00,96710.59375,2725945344
2026-01-14 16:00:00+00:00,97212.4921875,888070144
2026-01-14 17:00:00+00:00,96941.90625,3065225216
2026-01-14 18:00:00+00:00,96835.984375,649310208
2026-01-14 19:00:00+00:00,97265.78125,0
2026-01-14 20:00:00+00:00,97585.109375,357670912
2026-01-14 21:00:00+00:00,97443.15625,0
2026-01-14 22:00:00+00:00,96915.5625,0
2026-01-14 23:00:00+00:00,96932.2109375,0
2026-01-15 00:00:00+00:00,96573.6328125,0
2026-01-15 01:00:00+00:00,96418.140625,72564736
2026-01-15 02:00:00+00:00,96236.4921875,0
2026-01-15 03:00:00+00:00,95963.015625,1138237440
2026-01-15 04:00:00+00:00,96151.6796875,8413184
2026-01-15 05:00:00+00:00,96392.03125,0
2026-01-15 06:00:00+00:00,96281.8203125,0
2026-01-15 07:00:00+00:00,96516.46875,0
2026-01-15 08:00:00+00:00,96614.46875,566321152
2026-01-15 09:00:00+00:00,97046.734375,869601280
2026-01-15 10:00:00+00:00,96792.0546875,0
2026-01-15 11:00:00+00:00,96587.4453125,100679680
2026-01-15 12:00:00+00:00,96940.3046875,0
2026-01-15 13:00:00+00:00,96817.375,191619072
2026-01-15 14:00:00+00:00,96019.609375,0
2026-01-15 15:00:00+00:00,96434.890625,0
2026-01-15 16:00:00+00:00,96797.609375,0
2026-01-15 17:00:00+00:00,96598.6328125,0
2026-01-15 18:00:00+00:00,95793.5625,753541120
2026-01-15 19:00:00+00:00,95411.0859375,738045952
2026-01-15 20:00:00+00:00,95143.53125,0
2026-01-15 21:00:00+00:00,95548.5234375,0
2026-01-15 22:00:00+00:00,95522.6484375,0
2026-01-15 23:00:00+00:00,95546.2578125,0
2026-01-16 00:00:00+00:00,95574.8046875,0
2026-01-16 01:00:00+00:00,95617.4609375,0
2026-01-16 02:00:00+00:00,95477.90625,0
2026-01-16 03:00:00+00:00,95325.96875,0
2026-01-16 04:00:00+00:00,95125.375,34451456
2026-01-16 05:00:00+00:00,95612.265625,478240768
2026-01-16 06:00:00+00:00,95710.625,0
2026-01-16 07:00:00+00:00,95633.5390625,0
2026-01-16 08:00:00+00:00,95643.59375,0
2026-01-16 09:00:00+00:00,95577.734375,0
2026-01-16 10:00:00+00:00,95272.90625,0
2026-01-16 11:00:00+00:00,95389.3203125,297009152
2026-01-16 12:00:00+00:00,95409.296875,0
2026-01-16 13:00:00+00:00,95418.40625,0
2026-01-16 14:00:00+00:00,95223.375,0
2026-01-16 15:00:00+00:00,94605.625,0
2026-01-16 16:00:00+00:00,94795.359375,0
2026-01-16 17:00:00+00:00,94893.2578125,0
2026-01-16 18:00:00+00:00,94988.109375,0
2026-01-16 19:00:00+00:00,94964.3359375,0
2026-01-16 20:00:00+00:00,95399.2578125,0
2026-01-16 21:00:00+00:00,95443.859375,180514816
2026-01-16 22:00:00+00:00,95441.125,0
2026-01-16 23:00:00+00:00,95531.8515625,0
2026-01-17 00:00:00+00:00,95459.390625,0
2026-01-17 01:00:00+00:00,95366.125,0
2026-01-17 02:00:00+00:00,95324.7109375,0
2026-01-17 03:00:00+00:00,95330.2109375,0
2026-01-17 04:00:00+00:00,95307.7109375,0
2026-01-17 05:00:00+00:00,95249.34375,0
2026-01-17 06:00:00+00:00,95225.6171875,0
2026-01-17 07:00:00+00:00,95061.109375,0
2026-01-17 08:00:00+00:00,95203.4296875,0
2026-01-17 09:00:00+00:00,95212.46875,0
2026-01-17 10:00:00+00:00,95077.9453125,0
2026-01-17 11:00:00+00:00,95255.2421875,0
2026-01-17 12:00:00+00:00,95205.4140625,0
2026-01-17 13:00:00+00:00,95374.9140625,0
2026-01-17 14:00:00+00:00,95383.328125,0
2026-01-17 15:00:00+00:00,95525.6328125,0
2026-01-17 16:00:00+00:00,95278.6171875,0
2026-01-17 17:00:00+00:00,95323.453125,0
2026-01-17 18:00:00+00:00,95382.875,0
2026-01-17 19:00:00+00:00,95261.3515625,0
2026-01-17 20:00:00+00:00,95343.6796875,0
2026-01-17 21:00:00+00:00,95257.078125,0
2026-01-17 22:00:00+00:00,95156.2421875,0
2026-01-17 23:00:00+00:00,95098.921875,0
2026-01-18 00:00:00+00:00,95061.84375,67320832
2026-01-18 01:00:00+00:00,94908.953125,310758400
2026-01-18 02:00:00+00:00,94977.703125,0
2026-01-18 03:00:00+00:00,95147.21875,86411264
2026-01-18 04:00:00+00:00,95059.859375,0
2026-01-18 05:00:00+00:00,95154.515625,149681152
2026-01-18 06:00:00+00:00,95136.4921875,37563392
2026-01-18 07:00:00+00:00,95023.484375,61304832
2026-01-18 08:00:00+00:00,95146.9765625,0
2026-01-18 09:00:00+00:00,95236.4140625,291320832
2026-01-18 10:00:00+00:00,95137.8203125,439664640
2026-01-18 11:00:00+00:00,95124.703125,0
2026-01-18 12:00:00+00:00,95049.40625,0
2026-01-18 13:00:00+00:00,95115.234375,311855104
2026-01-18 14:00:00+00:00,94904.9375,444989440
2026-01-18 15:00:00+00:00,95088.28125,0
2026-01-18 16:00:00+00:00,95139.5,0
2026-01-18 17:00:00+00:00,95171.609375,6135808
2026-01-18 18:00:00+00:00,95439.3671875,440893440
2026-01-18 19:00:00+00:00,95334.5625,524771328
2026-01-18 20:00:00+00:00,95266.8046875,129189888
2026-01-18 21:00:00+00:00,95388.8515625,0
2026-01-18 22:00:00+00:00,95458.40625,90507264
2026-01-18 23:00:00+00:00,93614.421875,3325755392
2026-01-19 00:00:00+00:00,92697.59375,6988539904
2026-01-19 01:00:00+00:00,92509.7265625,1805570048
2026-01-19 02:00:00+00:00,92518.2109375,1139877888
2026-01-19 03:00:00+00:00,92642.5625,874809344
2026-01-19 04:00:00+00:00,92674.09375,822702080
2026-01-19 05:00:00+00:00,92484.2890625,438132736
2026-01-19 06:00:00+00:00,92511.3046875,710830080
2026-01-19 07:00:00+00:00,92792.71875,606826496
2026-01-19 08:00:00+00:00,93259.109375,2015547392
2026-01-19 09:00:00+00:00,92993.5625,0
2026-01-19 10:00:00+00:00,92999.53125,120508416
2026-01-19 11:00:00+00:00,93140.140625,1161461760
2026-01-19 12:00:00+00:00,92996.1953125,975622144
2026-01-19 13:00:00+00:00,92964.34375,194220032
2026-01-19 14:00:00+00:00,92768.84375,0
2026-01-19 15:00:00+00:00,93022.8125,568815616
2026-01-19 16:00:00+00:00,93298.6640625,601255936
2026-01-19 17:00:00+00:00,93182.34375,543985664
2026-01-19 18:00:00+00:00,93003.1875,0
2026-01-19 19:00:00+00:00,93079.109375,0
2026-01-19 20:00:00+00:00,93091.734375,107687936
2026-01-19 21:00:00+00:00,92975.2578125,351973376
2026-01-19 22:00:00+00:00,92570.8125,332480512
2026-01-19 23:00:00+00:00,92548.5,0
2026-01-20 00:00:00+00:00,92606.875,0
2026-01-20 01:00:00+00:00,92757.5,0
2026-01-20 02:00:00+00:00,92464.546875,0
2026-01-20 03:00:00+00:00,92357.453125,0
2026-01-20 04:00:00+00:00,91954.4921875,0
2026-01-20 05:00:00+00:00,91604.171875,2795505664
2026-01-20 06:00:00+00:00,90770.21875,2230145024
2026-01-20 07:00:00+00:00,91076.8671875,579307520
2026-01-20 08:00:00+00:00,90998.25,499728384
2026-01-20 09:00:00+00:00,90938.984375,0
2026-01-20 10:00:00+00:00,91184.6796875,0
2026-01-20 11:00:00+00:00,91146.7578125,165572608
2026-01-20 12:00:00+00:00,91195.4375,276025344
2026-01-20 13:00:00+00:00,90871.96875,484593664
2026-01-20 14:00:00+00:00,90583.90625,2314514432
2026-01-20 15:00:00+00:00,90429.4609375,3672580096
2026-01-20 16:00:00+00:00,90095.3359375,1268162560
2026-01-20 17:00:00+00:00,89671.7265625,2078396416
2026-01-20 18:00:00+00:00,89393.78125,1880948736
2026-01-20 19:00:00+00:00,89597.7265625,1656410112
2026-01-20 20:00:00+00:00,89504.59375,1510215680
2026-01-20 21:00:00+00:00,89416.03125,583491584
2026-01-20 22:00:00+00:00,88411.828125,2148122624
2026-01-20 23:00:00+00:00,88339.6171875,0
2026-01-21 00:00:00+00:00,88816.96875,2648227840
2026-01-21 01:00:00+00:00,88909.5859375,280936448
2026-01-21 02:00:00+00:00,88958.2265625,866316288
2026-01-21 03:00:00+00:00,89315.8828125,185372672
2026-01-21 04:00:00+00:00,89352.0078125,587218944
2026-01-21 05:00:00+00:00,89813.7734375,0
2026-01-21 06:00:00+00:00,89527.296875,0
2026-01-21 07:00:00+00:00,89049.6171875,22372352
2026-01-21 08:00:00+00:00,89101.4921875,0
2026-01-21 09:00:00+00:00,88984.3203125,0
2026-01-21 10:00:00+00:00,89175.625,103473152
2026-01-21 11:00:00+00:00,88687.1328125,0
2026-01-21 12:00:00+00:00,88647.78125,2625662976
2026-01-21 13:00:00+00:00,88700.5,0
2026-01-21 14:00:00+00:00,89829.578125,2650615808
2026-01-21 15:00:00+00:00,90238.5859375,0
2026-01-21 16:00:00+00:00,87585.9921875,340979712
2026-01-21 17:00:00+00:00,87895.9296875,3013287936
2026-01-21 18:00:00+00:00,88377.2890625,635789312
2026-01-21 19:00:00+00:00,90246.1328125,2162290688
2026-01-21 20:00:00+00:00,90094.9453125,708415488
2026-01-21 21:00:00+00:00,90194.1328125,331280384
2026-01-21 22:00:00+00:00,89782.7421875,0
2026-01-21 23:00:00+00:00,89368.671875,0
2026-01-22 00:00:00+00:00,89814.7421875,0
2026-01-22 01:00:00+00:00,90045.375,0
2026-01-22 02:00:00+00:00,89860.421875,0
2026-01-22 03:00:00+00:00,89806.5078125,0
2026-01-22 04:00:00+00:00,89961.8203125,0
2026-01-22 05:00:00+00:00,89859.625,0
2026-01-22 06:00:00+00:00,90108.515625,0
2026-01-22 07:00:00+00:00,89713.28125,0
2026-01-22 08:00:00+00:00,89823.0078125,0
2026-01-22 09:00:00+00:00,89947.0625,0
2026-01-22 10:00:00+00:00,90011.8125,991895552
2026-01-22 11:00:00+00:00,89853.8828125,0
2026-01-22 12:00:00+00:00,89935.0,0
2026-01-22 13:00:00+00:00,89521.828125,94830592
2026-01-22 14:00:00+00:00,89121.171875,0
2026-01-22 15:00:00+00:00,88943.0234375,16252928
2026-01-22 16:00:00+00:00,88906.21875,0
2026-01-22 17:00:00+00:00,89447.0625,0
2026-01-22 18:00:00+00:00,89221.640625,0
2026-01-22 19:00:00+00:00,89729.1796875,0
2026-01-22 20:00:00+00:00,89373.109375,0
2026-01-22 21:00:00+00:00,89166.453125,0
2026-01-22 22:00:00+00:00,89252.34375,0
2026-01-22 23:00:00+00:00,89462.078125,0
2026-01-23 00:00:00+00:00,89503.7421875,0
2026-01-23 01:00:00+00:00,89823.1796875,0
2026-01-23 02:00:00+00:00,89567.625,0
2026-01-23 03:00:00+00:00,89806.8046875,0
2026-01-23 04:00:00+00:00,89896.5625,569004032
2026-01-23 05:00:00+00:00,89495.859375,0
2026-01-23 06:00:00+00:00,89394.3515625,211247104
2026-01-23 07:00:00+00:00,89438.1640625,713007104
2026-01-23 08:00:00+00:00,89130.4609375,565198848
2026-01-23 09:00:00+00:00,88848.1875,693530624
2026-01-23 10:00:00+00:00,88907.9609375,0
2026-01-23 11:00:00+00:00,89056.578125,274743296
2026-01-23 12:00:00+00:00,89177.328125,0
2026-01-23 13:00:00+00:00,89222.6328125,0
2026-01-23 14:00:00+00:00,88899.03125,95121408
2026-01-23 15:00:00+00:00,89529.734375,0
2026-01-23 16:00:00+00:00,90003.8515625,0
2026-01-23 17:00:00+00:00,90490.875,1752940544
2026-01-23 18:00:00+00:00,90460.0703125,1016676352
2026-01-23 19:00:00+00:00,89854.390625,1029402624
2026-01-23 20:00:00+00:00,89444.8828125,0
2026-01-23 21:00:00+00:00,89236.375,1187815424
2026-01-23 22:00:00+00:00,89534.2421875,77066240
2026-01-23 23:00:00+00:00,89501.625,0
2026-01-24 00:00:00+00:00,89347.3515625,118484992
2026-01-24 01:00:00+00:00,89415.65625,0
2026-01-24 02:00:00+00:00,89582.09375,0
2026-01-24 03:00:00+00:00,89647.421875,0
2026-01-24 04:00:00+00:00,89720.5859375,0
2026-01-24 05:00:00+00:00,89658.796875,0
2026-01-24 06:00:00+00:00,89512.5078125,0
2026-01-24 07:00:00+00:00,89471.3125,0
2026-01-24 08:00:00+00:00,89534.7734375,0
2026-01-24 09:00:00+00:00,89461.203125,0
2026-01-24 10:00:00+00:00,89492.6015625,0
2026-01-24 11:00:00+00:00,89467.3671875,0
2026-01-24 12:00:00+00:00,89398.375,0
2026-01-24 13:00:00+00:00,89397.234375,0
2026-01-24 14:00:00+00:00,89313.25,0
2026-01-24 15:00:00+00:00,89143.546875,0
2026-01-24 16:00:00+00:00,89149.1015625,0
2026-01-24 17:00:00+00:00,89246.3828125,0
2026-01-24 18:00:00+00:00,89258.7265625,0
2026-01-24 19:00:00+00:00,89182.1875,0
2026-01-24 20:00:00+00:00,89243.9609375,0
2026-01-24 21:00:00+00:00,89244.2578125,0
2026-01-24 22:00:00+00:00,89261.984375,0
2026-01-24 23:00:00+00:00,89169.5,0
2026-01-25 00:00:00+00:00,89154.3671875,4557824
2026-01-25 01:00:00+00:00,89032.7421875,0
2026-01-25 02:00:00+00:00,89003.84375,0
2026-01-25 03:00:00+00:00,88839.1171875,219425792
2026-01-25 04:00:00+00:00,88923.28125,354953216
2026-01-25 05:00:00+00:00,88862.65625,206692352
2026-01-25 06:00:00+00:00,88718.78125,441782272
2026-01-25 07:00:00+00:00,88513.375,9151488
2026-01-25 08:00:00+00:00,88188.765625,758052864
2026-01-25 09:00:00+00:00,88263.265625,121177088
2026-01-25 10:00:00+00:00,88512.4140625,929459200
2026-01-25 11:00:00+00:00,88436.84375,223760384
2026-01-25 12:00:00+00:00,88649.5859375,260517888
2026-01-25 13:00:00+00:00,88787.1328125,424740864
2026-01-25 14:00:00+00:00,88573.75,0
2026-01-25 15:00:00+00:00,88330.328125,198039552
2026-01-25 16:00:00+00:00,87969.25,2697684992
2026-01-25 17:00:00+00:00,87718.25,1028018176
2026-01-25 18:00:00+00:00,87338.1875,3198857216
2026-01-25 19:00:00+00:00,86388.40625,3238873088
2026-01-25 20:00:00+00:00,86552.375,1958035456
2026-01-25 21:00:00+00:00,86517.0625,1676402688
2026-01-25 22:00:00+00:00,86441.5546875,1653880832
2026-01-25 23:00:00+00:00,86557.3828125,2192750592
2026-01-26 00:00:00+00:00,86734.3203125,1136640000
2026-01-26 01:00:00+00:00,87514.0234375,2153881600
2026-01-26 02:00:00+00:00,87437.140625,1271566336
2026-01-26 03:00:00+00:00,87120.2421875,1440399360
2026-01-26 04:00:00+00:00,87605.3515625,1402601472
2026-01-26 05:00:00+00:00,87760.015625,990195712
2026-01-26 06:00:00+00:00,87838.7421875,812916736
2026-01-26 07:00:00+00:00,87904.1171875,1503031296
2026-01-26 08:00:00+00:00,87884.3984375,174665728
2026-01-26 09:00:00+00:00,87551.1015625,351358976
2026-01-26 10:00:00+00:00,87806.640625,374571008
2026-01-26 11:00:00+00:00,87761.484375,0
2026-01-26 12:00:00+00:00,87709.390625,210690048
2026-01-26 13:00:00+00:00,87878.0546875,793583616
2026-01-26 14:00:00+00:00,88120.7109375,2734944256
2026-01-26 15:00:00+00:00,87579.9296875,3291828224
2026-01-26 16:00:00+00:00,87546.7421875,0
2026-01-26 17:00:00+00:00,87593.140625,103497728
2026-01-26 18:00:00+00:00,88264.78125,0
2026-01-26 19:00:00+00:00,87919.96875,0
2026-01-26 20:00:00+00:00,87495.5859375,0
2026-01-26 21:00:00+00:00,87966.7734375,0
2026-01-26 22:00:00+00:00,88040.0546875,0
2026-01-26 23:00:00+00:00,88307.9375,0
2026-01-27 00:00:00+00:00,88248.3046875,0
2026-01-27 01:00:00+00:00,88462.6171875,0
2026-01-27 02:00:00+00:00,88681.78125,0
2026-01-27 03:00:00+00:00,88640.9453125,0
2026-01-27 04:00:00+00:00,88478.6328125,0
2026-01-27 05:00:00+00:00,88341.765625,0
2026-01-27 06:00:00+00:00,88206.984375,0
2026-01-27 07:00:00+00:00,88205.3828125,0
2026-01-27 08:00:00+00:00,88073.9609375,0
2026-01-27 09:00:00+00:00,87771.40625,0
2026-01-27 10:00:00+00:00,87654.546875,267079680
2026-01-27 11:00:00+00:00,87900.7734375,367038464
2026-01-27 12:00:00+00:00,87845.5859375,393248768
2026-01-27 13:00:00+00:00,87846.5546875,0
2026-01-27 14:00:00+00:00,87643.46875,0
2026-01-27 15:00:00+00:00,87908.796875,0
2026-01-27 16:00:00+00:00,88541.4921875,985309184
2026-01-27 17:00:00+00:00,87426.1796875,262320128
2026-01-27 18:00:00+00:00,88237.9765625,867287040
2026-01-27 19:00:00+00:00,88292.1875,644694016
2026-01-27 20:00:00+00:00,89237.53125,1247973376
2026-01-27 21:00:00+00:00,88909.71875,441962496
2026-01-27 22:00:00+00:00,89170.09375,731156480
2026-01-27 23:00:00+00:00,89110.7890625,75063296
2026-01-28 00:00:00+00:00,89275.3671875,0
2026-01-28 01:00:00+00:00,89307.5703125,804864000
2026-01-28 02:00:00+00:00,89121.609375,0
2026-01-28 03:00:00+00:00,89013.21875,0
2026-01-28 04:00:00+00:00,88890.5625,0
2026-01-28 05:00:00+00:00,88955.40625,0
2026-01-28 06:00:00+00:00,89210.6328125,27291648
2026-01-28 07:00:00+00:00,89012.0546875,0
2026-01-28 08:00:00+00:00,88799.0234375,679886848
2026-01-28 09:00:00+00:00,89298.484375,0
2026-01-28 10:00:00+00:00,89307.328125,988319744
2026-01-28 11:00:00+00:00,89947.3515625,1113837568
2026-01-28 12:00:00+00:00,89868.25,722059264
2026-01-28 13:00:00+00:00,90081.8984375,1609379840
2026-01-28 14:00:00+00:00,89517.859375,70070272
2026-01-28 15:00:00+00:00,89381.1953125,728797184
2026-01-28 16:00:00+00:00,89530.984375,0
2026-01-28 17:00:00+00:00,90079.1875,0
2026-01-28 18:00:00+00:00,89442.84375,560984064
2026-01-28 19:00:00+00:00,89425.9921875,755519488
2026-01-28 20:00:00+00:00,89083.0546875,0
2026-01-28 21:00:00+00:00,89276.7578125,0
2026-01-28 22:00:00+00:00,89242.8359375,0
2026-01-28 23:00:00+00:00,89185.9921875,0
2026-01-29 00:00:00+00:00,88978.078125,709607424
2026-01-29 01:00:00+00:00,88487.015625,0
2026-01-29 02:00:00+00:00,87757.3125,2085818368
2026-01-29 03:00:00+00:00,87938.640625,590024704
2026-01-29 04:00:00+00:00,88192.9921875,233902080
2026-01-29 05:00:00+00:00,88020.765625,105656320
2026-01-29 06:00:00+00:00,88182.0390625,431738880
2026-01-29 07:00:00+00:00,88280.1484375,222318592
2026-01-29 08:00:00+00:00,87928.0625,674963456
2026-01-29 09:00:00+00:00,87768.6796875,0
2026-01-29 10:00:00+00:00,87803.015625,0
2026-01-29 11:00:00+00:00,87690.2109375,0
2026-01-29 12:00:00+00:00,87951.8671875,0
2026-01-29 13:00:00+00:00,87863.984375,0
2026-01-29 14:00:00+00:00,86876.078125,0
2026-01-29 15:00:00+00:00,84758.59375,8217477120
2026-01-29 16:00:00+00:00,85137.859375,4687618048
2026-01-29 17:00:00+00:00,84025.984375,3183382528
2026-01-29 18:00:00+00:00,83441.046875,2568851456
2026-01-29 19:00:00+00:00,83862.9375,1623662592
2026-01-29 20:00:00+00:00,83916.7578125,411402240
2026-01-29 21:00:00+00:00,84363.0078125,2076966912
2026-01-29 22:00:00+00:00,84433.796875,486285312
2026-01-29 23:00:00+00:00,84561.9765625,605642752
2026-01-30 00:00:00+00:00,84109.7421875,0
2026-01-30 01:00:00+00:00,82348.3984375,6574526464
2026-01-30 02:00:00+00:00,81904.53125,2459353088
2026-01-30 03:00:00+00:00,82581.6640625,1409638400
2026-01-30 04:00:00+00:00,82798.3125,2365882368
2026-01-30 05:00:00+00:00,82835.453125,349560832
2026-01-30 06:00:00+00:00,82440.125,1947443200
2026-01-30 07:00:00+00:00,82710.9453125,1404534784
2026-01-30 08:00:00+00:00,82493.3515625,622706688
2026-01-30 09:00:00+00:00,82209.171875,0
2026-01-30 10:00:00+00:00,82652.25,1968242688
2026-01-30 11:00:00+00:00,83055.71875,0
2026-01-30 12:00:00+00:00,82632.265625,465207296
2026-01-30 13:00:00+00:00,82570.15625,1722204160
2026-01-30 14:00:00+00:00,82851.0234375,1577369600
2026-01-30 15:00:00+00:00,82771.1953125,0
2026-01-30 16:00:00+00:00,82971.6015625,0
2026-01-30 17:00:00+00:00,82907.296875,0
2026-01-30 18:00:00+00:00,83851.125,0
2026-01-30 19:00:00+00:00,84213.6484375,956481536
2026-01-30 20:00:00+00:00,83716.234375,1311678464
2026-01-30 21:00:00+00:00,84250.5546875,0
2026-01-30 22:00:00+00:00,84013.8515625,247824384
2026-01-30 23:00:00+00:00,84118.9765625,0
2026-01-31 00:00:00+00:00,83914.75,0
2026-01-31 01:00:00+00:00,83867.9453125,0
2026-01-31 02:00:00+00:00,83986.765625,0
2026-01-31 03:00:00+00:00,83896.1015625,0
2026-01-31 04:00:00+00:00,83839.328125,0
2026-01-31 05:00:00+00:00,83858.796875,0
2026-01-31 06:00:00+00:00,83629.1875,0
2026-01-31 07:00:00+00:00,83409.8046875,0
2026-01-31 08:00:00+00:00,82968.609375,840929280
2026-01-31 09:00:00+00:00,83005.203125,0
2026-01-31 10:00:00+00:00,83010.109375,0
2026-01-31 11:00:00+00:00,82843.46875,0
2026-01-31 12:00:00+00:00,82666.078125,0
2026-01-31 13:00:00+00:00,82607.328125,0
2026-01-31 14:00:00+00:00,81360.4375,2602426368
2026-01-31 15:00:00+00:00,81127.515625,0
2026-01-31 16:00:00+00:00,80141.0390625,4329385984
2026-01-31 17:00:00+00:00,78709.8984375,6226350080
2026-01-31 18:00:00+00:00,77837.171875,5326495744
2026-01-31 19:00:00+00:00,77820.7421875,0
2026-01-31 20:00:00+00:00,77941.3203125,0
2026-01-31 21:00:00+00:00,78229.1328125,1694023680
2026-01-31 22:00:00+00:00,78136.9921875,31563776
2026-01-31 23:00:00+00:00,78706.203125,3107123200
2026-02-01 00:00:00+00:00,78827.4453125,1376026624
2026-02-01 01:00:00+00:00,78418.0234375,541687808
2026-02-01 02:00:00+00:00,78844.2734375,670220288
2026-02-01 03:00:00+00:00,78803.34375,583016448
2026-02-01 04:00:00+00:00,78940.9296875,89751552
2026-02-01 05:00:00+00:00,78510.140625,472121344
2026-02-01 06:00:00+00:00,78250.0390625,626958336
2026-02-01 07:00:00+00:00,78274.625,138952704
2026-02-01 08:00:00+00:00,78507.0859375,0
2026-02-01 09:00:00+00:00,78978.7265625,0
2026-02-01 10:00:00+00:00,78159.1953125,387915776
2026-02-01 11:00:00+00:00,78672.671875,939835392
2026-02-01 12:00:00+00:00,78421.515625,135454720
2026-02-01 13:00:00+00:00,78242.3203125,0
2026-02-01 14:00:00+00:00,78308.2265625,0
2026-02-01 15:00:00+00:00,77652.15625,1812144128
2026-02-01 16:00:00+00:00,77376.4765625,0
2026-02-01 17:00:00+00:00,77600.8515625,0
2026-02-01 18:00:00+00:00,77737.0625,0
2026-02-01 19:00:00+00:00,77017.9296875,0
2026-02-01 20:00:00+00:00,77010.90625,0
2026-02-01 21:00:00+00:00,76405.0,273088512
2026-02-01 22:00:00+00:00,77248.171875,346492928
2026-02-01 23:00:00+00:00,77061.609375,3105988608
2026-02-02 00:00:00+00:00,77585.1015625,199188480
2026-02-02 01:00:00+00:00,77462.3125,241242112
2026-02-02 02:00:00+00:00,76423.1640625,379691008
2026-02-02 03:00:00+00:00,76201.125,6499930112
2026-02-02 04:00:00+00:00,75800.8828125,2670108672
2026-02-02 05:00:00+00:00,75453.3984375,2212487168
2026-02-02 06:00:00+00:00,76386.546875,3661258752
2026-02-02 07:00:00+00:00,76630.1015625,1207623680
2026-02-02 08:00:00+00:00,76923.2421875,410697728
2026-02-02 09:00:00+00:00,77648.125,1877893120
2026-02-02 10:00:00+00:00,77443.8125,623304704
2026-02-02 11:00:00+00:00,77647.1171875,388063232
2026-02-02 12:00:00+00:00,77944.7578125,1096335360
2026-02-02 13:00:00+00:00,78216.015625,809435136
2026-02-02 14:00:00+00:00,77795.7734375,1299988480
2026-02-02 15:00:00+00:00,78802.921875,1717182464
2026-02-02 16:00:00+00:00,78586.3203125,1466867712
2026-02-02 17:00:00+00:00,78959.21875,1171972096
2026-02-02 18:00:00+00:00,78551.328125,79208448
2026-02-02 19:00:00+00:00,78443.40625,828669952
2026-02-02 20:00:00+00:00,77920.7890625,0
2026-02-02 21:00:00+00:00,78445.9609375,0
2026-02-02 22:00:00+00:00,78694.359375,0
2026-02-02 23:00:00+00:00,78679.671875,0
2026-02-03 00:00:00+00:00,79009.5859375,0
2026-02-03 01:00:00+00:00,78939.5390625,0
2026-02-03 02:00:00+00:00,77810.25,0
2026-02-03 03:00:00+00:00,78719.21875,0
2026-02-03 04:00:00+00:00,78717.8125,0
2026-02-03 05:00:00+00:00,78190.984375,0
2026-02-03 06:00:00+00:00,78502.71875,0
2026-02-03 07:00:00+00:00,78674.046875,0
2026-02-03 08:00:00+00:00,78673.890625,0
2026-02-03 09:00:00+00:00,78320.34375,0
2026-02-03 10:00:00+00:00,78006.5234375,0
2026-02-03 11:00:00+00:00,78038.4609375,0
2026-02-03 12:00:00+00:00,78281.8515625,0
2026-02-03 13:00:00+00:00,78242.140625,0
2026-02-03 14:00:00+00:00,77201.9609375,0
2026-02-03 15:00:00+00:00,78089.84375,0
2026-02-03 16:00:00+00:00,76518.6015625,985391104
2026-02-03 17:00:00+00:00,74846.2890625,1783324672
2026-02-03 18:00:00+00:00,73178.6484375,6889398272
2026-02-03 19:00:00+00:00,74939.3515625,3994415104
2026-02-03 20:00:00+00:00,76281.6796875,2349641728
2026-02-03 21:00:00+00:00,76159.6171875,742961152
2026-02-03 22:00:00+00:00,75543.5,1236070400
2026-02-03 23:00:00+00:00,75659.5546875,0
2026-02-04 00:00:00+00:00,75804.78125,0
2026-02-04 01:00:00+00:00,76332.2265625,502697984
2026-02-04 02:00:00+00:00,75910.71875,315539456
2026-02-04 03:00:00+00:00,76621.1328125,0
2026-02-04 04:00:00+00:00,76366.78125,0
2026-02-04 05:00:00+00:00,76148.5390625,1160429568
2026-02-04 06:00:00+00:00,76553.671875,0
2026-02-04 07:00:00+00:00,76402.2265625,0
2026-02-04 08:00:00+00:00,76421.3046875,0
2026-02-04 09:00:00+00:00,76003.046875,0
2026-02-04 10:00:00+00:00,76189.34375,0
2026-02-04 11:00:00+00:00,76008.765625,1096249344
2026-02-04 12:00:00+00:00,76048.375,0
2026-02-04 13:00:00+00:00,74758.4296875,1647616000
2026-02-04 14:00:00+00:00,74255.1640625,1825669120
2026-02-04 15:00:00+00:00,74074.9140625,1654530048
2026-02-04 16:00:00+00:00,73541.828125,0
2026-02-04 17:00:00+00:00,72488.2109375,0
2026-02-04 18:00:00+00:00,73406.4765625,0
2026-02-04 19:00:00+00:00,73782.9140625,0
2026-02-04 20:00:00+00:00,73414.15625,0
2026-02-04 21:00:00+00:00,72609.0078125,0
2026-02-04 22:00:00+00:00,72321.9765625,524906496
2026-02-04 23:00:00+00:00,73042.9765625,1920655360
2026-02-05 00:00:00+00:00,72715.375,0
2026-02-05 01:00:00+00:00,72327.2109375,1462738944
2026-02-05 02:00:00+00:00,71502.9609375,2263703552
2026-02-05 03:00:00+00:00,71080.6328125,2192056320
2026-02-05 04:00:00+00:00,70715.390625,4062175232
2026-02-05 05:00:00+00:00,70544.9609375,3701088256
2026-02-05 06:00:00+00:00,70787.046875,1348034560
2026-02-05 07:00:00+00:00,70511.1640625,308125696
2026-02-05 08:00:00+00:00,71043.25,1376296960
2026-02-05 09:00:00+00:00,71439.515625,1741783040
2026-02-05 10:00:00+00:00,70617.375,663044096
2026-02-05 11:00:00+00:00,70168.015625,3313860608
2026-02-05 12:00:00+00:00,69455.5234375,938082304
2026-02-05 13:00:00+00:00,69458.4296875,2181881856
2026-02-05 14:00:00+00:00,69347.7890625,692666368
2026-02-05 15:00:00+00:00,67298.3125,6255230976
2026-02-05 16:00:00+00:00,68121.9765625,1920024576
2026-02-05 17:00:00+00:00,66066.1328125,2916851712
2026-02-05 18:00:00+00:00,66248.5234375,2688524288
2026-02-05 19:00:00+00:00,65136.609375,973561856
2026-02-05 20:00:00+00:00,63543.17578125,8927444992
2026-02-05 21:00:00+00:00,63136.7578125,5355724800
2026-02-05 22:00:00+00:00,63948.0078125,4144545792
2026-02-05 23:00:00+00:00,62978.68359375,1445339136
2026-02-06 00:00:00+00:00,63515.5859375,13555834880
2026-02-06 01:00:00+00:00,65503.72265625,5209243648
2026-02-06 02:00:00+00:00,64803.53515625,179732480
2026-02-06 03:00:00+00:00,64074.9453125,0
2026-02-06 04:00:00+00:00,64807.66015625,0
2026-02-06 05:00:00+00:00,66298.2109375,0
2026-02-06 06:00:00+00:00,65076.14453125,1245216768
2026-02-06 07:00:00+00:00,64802.48046875,198443008
2026-02-06 08:00:00+00:00,64782.484375,0
2026-02-06 09:00:00+00:00,65739.6796875,3169878016
2026-02-06 10:00:00+00:00,65868.8515625,694943744
2026-02-06 11:00:00+00:00,66508.9140625,0
2026-02-06 12:00:00+00:00,66455.7734375,0
2026-02-06 13:00:00+00:00,67311.828125,1024229376
2026-02-06 14:00:00+00:00,68182.078125,2606202880
2026-02-06 15:00:00+00:00,68622.9140625,0
2026-02-06 16:00:00+00:00,69743.1484375,0
2026-02-06 17:00:00+00:00,70801.6171875,1737785344
2026-02-06 18:00:00+00:00,69745.578125,0
2026-02-06 19:00:00+00:00,70739.2421875,0
2026-02-06 20:00:00+00:00,70078.875,0
2026-02-06 21:00:00+00:00,70341.296875,0
2026-02-06 22:00:00+00:00,71295.2578125,0
2026-02-06 23:00:00+00:00,70533.25,0
2026-02-07 00:00:00+00:00,69918.40625,0
2026-02-07 01:00:00+00:00,70479.3984375,0
2026-02-07 02:00:00+00:00,70330.5625,0
2026-02-07 03:00:00+00:00,70793.75,437444608
2026-02-07 04:00:00+00:00,70678.53125,0
2026-02-07 05:00:00+00:00,70077.4375,0
2026-02-07 06:00:00+00:00,68887.171875,0
2026-02-07 07:00:00+00:00,68144.4140625,3177095168
2026-02-07 08:00:00+00:00,68526.3046875,284229632
2026-02-07 09:00:00+00:00,68037.2734375,0
2026-02-07 10:00:00+00:00,67967.296875,885989376
2026-02-07 11:00:00+00:00,67935.734375,0
2026-02-07 12:00:00+00:00,68888.953125,1515642880
2026-02-07 13:00:00+00:00,68944.21875,0
2026-02-07 14:00:00+00:00,68617.71875,0
2026-02-07 15:00:00+00:00,69057.765625,0
2026-02-07 16:00:00+00:00,68935.0546875,0
2026-02-07 17:00:00+00:00,69141.8203125,0
2026-02-07 18:00:00+00:00,69420.8203125,0
2026-02-07 19:00:00+00:00,69262.84375,0
2026-02-07 20:00:00+00:00,69589.25,0
2026-02-07 21:00:00+00:00,69393.890625,0
2026-02-07 22:00:00+00:00,69401.46875,0
2026-02-07 23:00:00+00:00,69262.75,0
2026-02-08 00:00:00+00:00,68980.015625,0
2026-02-08 01:00:00+00:00,69318.828125,0
2026-02-08 02:00:00+00:00,69280.2109375,0
2026-02-08 03:00:00+00:00,69053.3359375,0
2026-02-08 04:00:00+00:00,69227.8203125,0
2026-02-08 05:00:00+00:00,69181.0078125,0
2026-02-08 06:00:00+00:00,69250.5546875,0
2026-02-08 07:00:00+00:00,69640.6875,0
2026-02-08 08:00:00+00:00,70629.3203125,0
2026-02-08 09:00:00+00:00,70158.1875,0
2026-02-08 10:00:00+00:00,70193.890625,0
2026-02-08 11:00:00+00:00,70906.015625,14655488
2026-02-08 12:00:00+00:00,71108.65625,0
2026-02-08 13:00:00+00:00,71404.6875,0
2026-02-08 14:00:00+00:00,71155.453125,0
2026-02-08 15:00:00+00:00,71068.4609375,0
2026-02-08 16:00:00+00:00,70333.578125,0
2026-02-08 17:00:00+00:00,70740.328125,0
2026-02-08 18:00:00+00:00,71145.9921875,0
2026-02-08 19:00:00+00:00,71368.1640625,0
2026-02-08 20:00:00+00:00,70788.21875,689606656
2026-02-08 21:00:00+00:00,70673.9140625,260841472
2026-02-08 22:00:00+00:00,71035.0,0
2026-02-08 23:00:00+00:00,70338.71875,2146496512
2026-02-09 00:00:00+00:00,70464.6171875,377040896
2026-02-09 01:00:00+00:00,70335.8125,611954688
2026-02-09 02:00:00+00:00,70588.921875,211832832
2026-02-09 03:00:00+00:00,71210.2890625,1227862016
2026-02-09 04:00:00+00:00,71006.796875,572497920
2026-02-09 05:00:00+00:00,70911.234375,0
2026-02-09 06:00:00+00:00,70612.078125,1260109824
2026-02-09 07:00:00+00:00,70396.03125,765956096
2026-02-09 08:00:00+00:00,69840.75,21630976
2026-02-09 09:00:00+00:00,69529.40625,76992512
2026-02-09 10:00:00+00:00,68665.3828125,1225433088
2026-02-09 11:00:00+00:00,68798.65625,4300800
2026-02-09 12:00:00+00:00,69033.953125,104501248
2026-02-09 13:00:00+00:00,68622.7421875,42180608
2026-02-09 14:00:00+00:00,69246.4921875,2376634368
2026-02-09 15:00:00+00:00,69482.2890625,278032384
2026-02-09 16:00:00+00:00,70069.5546875,747372544
2026-02-09 17:00:00+00:00,70586.125,1908690944
2026-02-09 18:00:00+00:00,70320.4375,1245003776
2026-02-09 19:00:00+00:00,70882.671875,65581056
2026-02-09 20:00:00+00:00,70759.203125,1011019776
2026-02-09 21:00:00+00:00,70373.8125,2359992320
2026-02-09 22:00:00+00:00,70333.578125,203988992
2026-02-09 23:00:00+00:00,70106.0,0
2026-02-10 00:00:00+00:00,69837.25,0
2026-02-10 01:00:00+00:00,70357.90625,0
2026-02-10 02:00:00+00:00,70051.40625,0
2026-02-10 03:00:00+00:00,69443.59375,0
2026-02-10 04:00:00+00:00,69804.0703125,0
2026-02-10 05:00:00+00:00,69396.2109375,104554496
2026-02-10 06:00:00+00:00,68879.46875,611274752
2026-02-10 07:00:00+00:00,68896.2421875,0
2026-02-10 08:00:00+00:00,69067.2109375,0
2026-02-10 09:00:00+00:00,69061.3125,0
2026-02-10 10:00:00+00:00,68911.4375,0
2026-02-10 11:00:00+00:00,68473.6796875,0
2026-02-10 12:00:00+00:00,68557.109375,578064384
2026-02-10 13:00:00+00:00,68959.328125,0
2026-02-10 14:00:00+00:00,68395.9921875,0
2026-02-10 15:00:00+00:00,69265.8515625,130531328
2026-02-10 16:00:00+00:00,69521.46875,0
2026-02-10 17:00:00+00:00,69766.5234375,0
2026-02-10 18:00:00+00:00,68902.0703125,0
2026-02-10 19:00:00+00:00,68995.203125,0
2026-02-10 20:00:00+00:00,68765.265625,0
2026-02-10 21:00:00+00:00,68594.859375,0
2026-02-10 22:00:00+00:00,68703.6875,0
2026-02-10 23:00:00+00:00,68775.8046875,0
2026-02-11 00:00:00+00:00,69181.0859375,388014080
2026-02-11 01:00:00+00:00,68948.5234375,227790848
2026-02-11 02:00:00+00:00,68665.5234375,100712448
2026-02-11 03:00:00+00:00,68242.171875,0
2026-02-11 04:00:00+00:00,67546.71875,1138851840
2026-02-11 05:00:00+00:00,67381.9921875,334323712
2026-02-11 06:00:00+00:00,66750.9140625,63619072
2026-02-11 07:00:00+00:00,67004.359375,605630464
2026-02-11 08:00:00+00:00,66945.640625,122159104
2026-02-11 09:00:00+00:00,66790.8984375,0
2026-02-11 10:00:00+00:00,66504.40625,697245696
2026-02-11 11:00:00+00:00,67025.0234375,593330176
2026-02-11 12:00:00+00:00,67116.8828125,258334720
2026-02-11 13:00:00+00:00,67500.890625,1079758848
2026-02-11 14:00:00+00:00,66507.4609375,410157056
2026-02-11 15:00:00+00:00,66516.078125,2106150912
2026-02-11 16:00:00+00:00,66028.40625,597815296
2026-02-11 17:00:00+00:00,66552.1328125,0
2026-02-11 18:00:00+00:00,67210.734375,0
2026-02-11 19:00:00+00:00,67536.265625,896196608
2026-02-11 20:00:00+00:00,67546.4609375,50180096
2026-02-11 21:00:00+00:00,67794.1328125,2264449024
2026-02-11 22:00:00+00:00,67423.765625,0
2026-02-11 23:00:00+00:00,66993.1875,27877376
2026-02-12 00:00:00+00:00,67478.34375,1322541056
2026-02-12 01:00:00+00:00,67642.1875,467308544
2026-02-12 02:00:00+00:00,67400.515625,0
2026-02-12 03:00:00+00:00,67529.8125,0
2026-02-12 04:00:00+00:00,66993.4375,0
2026-02-12 05:00:00+00:00,67069.1953125,0
2026-02-12 06:00:00+00:00,67047.5078125,0
2026-02-12 07:00:00+00:00,67168.515625,0
2026-02-12 08:00:00+00:00,67089.2421875,0
2026-02-12 09:00:00+00:00,67534.078125,30863360
2026-02-12 10:00:00+00:00,67904.09375,0
2026-02-12 11:00:00+00:00,68084.796875,656887808
2026-02-12 12:00:00+00:00,67800.859375,0
2026-02-12 13:00:00+00:00,68315.1328125,0
2026-02-12 14:00:00+00:00,67697.4140625,0
2026-02-12 15:00:00+00:00,67116.5078125,0
2026-02-12 16:00:00+00:00,65785.0078125,745521152
2026-02-12 17:00:00+00:00,65447.46875,1507622912
2026-02-12 18:00:00+00:00,65581.5859375,1306533888
2026-02-12 19:00:00+00:00,65781.4140625,30285824
2026-02-12 20:00:00+00:00,65356.19921875,387616768
2026-02-12 21:00:00+00:00,65735.375,0
2026-02-12 22:00:00+00:00,66255.21875,0
2026-02-12 23:00:00+00:00,66228.3984375,658571264
2026-02-13 00:00:00+00:00,65950.078125,79224832
2026-02-13 01:00:00+00:00,66330.4765625,43921408
2026-02-13 02:00:00+00:00,66666.5,0
2026-02-13 03:00:00+00:00,66452.0,139702272
2026-02-13 04:00:00+00:00,66304.015625,0
2026-02-13 05:00:00+00:00,66172.875,32370688
2026-02-13 06:00:00+00:00,66310.0078125,0
2026-02-13 07:00:00+00:00,66145.0,801742848
2026-02-13 08:00:00+00:00,66569.484375,161689600
2026-02-13 09:00:00+00:00,66887.1328125,0
2026-02-13 10:00:00+00:00,66946.578125,0
2026-02-13 11:00:00+00:00,67143.9296875,0
2026-02-13 12:00:00+00:00,67045.328125,0
2026-02-13 13:00:00+00:00,67273.0859375,1163759616
2026-02-13 14:00:00+00:00,67689.4140625,186798080
2026-02-13 15:00:00+00:00,68573.484375,1946025984
2026-02-13 16:00:00+00:00,68914.1171875,0
2026-02-13 17:00:00+00:00,69031.4921875,0
2026-02-13 18:00:00+00:00,69091.9921875,0
2026-02-13 19:00:00+00:00,68956.765625,0
2026-02-13 20:00:00+00:00,68698.0078125,0
2026-02-13 21:00:00+00:00,68800.84375,0
2026-02-13 22:00:00+00:00,68898.0,0
2026-02-13 23:00:00+00:00,68860.65625,0
2026-02-14 00:00:00+00:00,69057.90625,0
2026-02-14 01:00:00+00:00,68931.6484375,0
2026-02-14 02:00:00+00:00,68859.875,0
2026-02-14 03:00:00+00:00,68942.359375,0
2026-02-14 04:00:00+00:00,68777.0234375,0
2026-02-14 05:00:00+00:00,68741.171875,0
2026-02-14 06:00:00+00:00,68891.5,0
2026-02-14 07:00:00+00:00,69235.171875,0
2026-02-14 08:00:00+00:00,69732.4140625,854638592
2026-02-14 09:00:00+00:00,69688.65625,0
2026-02-14 10:00:00+00:00,69616.640625,0
2026-02-14 11:00:00+00:00,70448.53125,1428320256
2026-02-14 12:00:00+00:00,69784.71875,1516892160
2026-02-14 13:00:00+00:00,69413.359375,1386287104
2026-02-14 14:00:00+00:00,69761.71875,0
2026-02-14 15:00:00+00:00,69760.9375,0
2026-02-14 16:00:00+00:00,69717.2421875,0
2026-02-14 17:00:00+00:00,69670.140625,0
2026-02-14 18:00:00+00:00,69727.0078125,0
2026-02-14 19:00:00+00:00,69811.453125,0
2026-02-14 20:00:00+00:00,69966.65625,0
2026-02-14 21:00:00+00:00,69886.1328125,114094080
2026-02-14 22:00:00+00:00,69942.1015625,270086144
2026-02-14 23:00:00+00:00,69767.5,119160832
2026-02-15 00:00:00+00:00,69724.3984375,0
2026-02-15 01:00:00+00:00,69649.7109375,312229888
2026-02-15 02:00:00+00:00,69510.0078125,262086656
2026-02-15 03:00:00+00:00,69957.2265625,974991360
2026-02-15 04:00:00+00:00,70130.5234375,2041339904
2026-02-15 05:00:00+00:00,70267.7578125,700776448
2026-02-15 06:00:00+00:00,70369.2421875,172314624
2026-02-15 07:00:00+00:00,70750.796875,1233502208
2026-02-15 08:00:00+00:00,70404.765625,5611520
2026-02-15 09:00:00+00:00,70391.078125,0
2026-02-15 10:00:00+00:00,70415.59375,266866688
2026-02-15 11:00:00+00:00,70266.6796875,0
2026-02-15 12:00:00+00:00,69396.921875,0
2026-02-15 13:00:00+00:00,68905.875,0
2026-02-15 14:00:00+00:00,69109.890625,0
2026-02-15 15:00:00+00:00,69055.6328125,0
2026-02-15 16:00:00+00:00,69018.3046875,0
2026-02-15 17:00:00+00:00,68599.8359375,0
2026-02-15 18:00:00+00:00,68388.75,2165628928
2026-02-15 19:00:00+00:00,68289.0546875,1841893376
2026-02-15 20:00:00+00:00,68415.1171875,0
2026-02-15 21:00:00+00:00,68852.7734375,30150656
2026-02-15 22:00:00+00:00,68935.359375,0
2026-02-15 23:00:00+00:00,68750.171875,84398080
2026-02-16 00:00:00+00:00,68843.0625,22155264
2026-02-16 01:00:00+00:00,68605.6484375,0
2026-02-16 02:00:00+00:00,68298.8359375,297607168
2026-02-16 03:00:00+00:00,68374.7734375,0
2026-02-16 04:00:00+00:00,68832.8984375,0
2026-02-16 05:00:00+00:00,68370.9921875,196956160
2026-02-16 06:00:00+00:00,68420.9296875,0
2026-02-16 07:00:00+00:00,68540.9375,0
2026-02-16 08:00:00+00:00,68716.8046875,0
2026-02-16 09:00:00+00:00,68958.3671875,53555200
2026-02-16 10:00:00+00:00,68774.8515625,0
2026-02-16 11:00:00+00:00,68831.296875,144420864
2026-02-16 12:00:00+00:00,69743.796875,695001088
2026-02-16 13:00:00+00:00,68380.53125,264687616
2026-02-16 14:00:00+00:00,68421.921875,376889344
2026-02-16 15:00:00+00:00,67508.296875,2345316352
2026-02-16 16:00:00+00:00,67837.59375,105246720
2026-02-16 17:00:00+00:00,67921.6953125,0
2026-02-16 18:00:00+00:00,67831.421875,0
2026-02-16 19:00:00+00:00,67921.140625,0
2026-02-16 20:00:00+00:00,68436.703125,0
2026-02-16 21:00:00+00:00,68879.1171875,55095296
2026-02-16 22:00:00+00:00,68604.1953125,459511808
2026-02-16 23:00:00+00:00,68851.21875,0
2026-02-17 00:00:00+00:00,68846.25,0
2026-02-17 01:00:00+00:00,68606.765625,139864064
2026-02-17 02:00:00+00:00,68926.2578125,0
2026-02-17 03:00:00+00:00,68462.9296875,0
2026-02-17 04:00:00+00:00,68403.921875,0
2026-02-17 05:00:00+00:00,68198.421875,440700928
2026-02-17 06:00:00+00:00,68386.9375,0
2026-02-17 07:00:00+00:00,68365.078125,0
2026-02-17 08:00:00+00:00,68135.6328125,0
2026-02-17 09:00:00+00:00,68072.1484375,9678848
2026-02-17 10:00:00+00:00,67775.8359375,67244032
2026-02-17 11:00:00+00:00,67828.8984375,0
2026-02-17 12:00:00+00:00,67849.4296875,0
2026-02-17 13:00:00+00:00,68081.3984375,0
2026-02-17 14:00:00+00:00,66916.4609375,959393792
2026-02-17 15:00:00+00:00,67354.390625,526827520
2026-02-17 16:00:00+00:00,67492.4296875,1101996032
2026-02-17 17:00:00+00:00,67231.84375,539088896
2026-02-17 18:00:00+00:00,68172.9453125,850409472
2026-02-17 19:00:00+00:00,67791.65625,770482176
2026-02-17 20:00:00+00:00,67735.7890625,415297536
2026-02-17 21:00:00+00:00,67639.2109375,0
2026-02-17 22:00:00+00:00,67516.09375,0
2026-02-17 23:00:00+00:00,67507.3203125,0
2026-02-18 00:00:00+00:00,67291.0,0
2026-02-18 01:00:00+00:00,67121.0625,218458112
2026-02-18 02:00:00+00:00,67306.3515625,0
2026-02-18 03:00:00+00:00,67636.9921875,0
2026-02-18 04:00:00+00:00,67791.8203125,0
2026-02-18 05:00:00+00:00,67614.828125,0
2026-02-18 06:00:00+00:00,67809.1484375,0
2026-02-18 07:00:00+00:00,68102.8046875,666810368
2026-02-18 08:00:00+00:00,68086.5859375,180414464
2026-02-18 09:00:00+00:00,68149.046875,0
2026-02-18 10:00:00+00:00,67750.2109375,0
2026-02-18 11:00:00+00:00,67358.8671875,520798208
2026-02-18 12:00:00+00:00,67478.890625,0
2026-02-18 13:00:00+00:00,67210.875,0
2026-02-18 14:00:00+00:00,67150.765625,0
2026-02-18 15:00:00+00:00,67606.5546875,0
2026-02-18 16:00:00+00:00,67100.0,0
2026-02-18 17:00:00+00:00,67140.1796875,0
2026-02-18 18:00:00+00:00,66301.7265625,227389440
2026-02-18 19:00:00+00:00,66113.3984375,1026025472
2026-02-18 20:00:00+00:00,66256.09375,367351808
2026-02-18 21:00:00+00:00,66325.8046875,571430912
2026-02-18 22:00:00+00:00,66405.2421875,232194048
2026-02-18 23:00:00+00:00,66415.5234375,158214144
2026-02-19 00:00:00+00:00,66419.1328125,126160896
2026-02-19 01:00:00+00:00,66825.5234375,0
2026-02-19 02:00:00+00:00,66814.640625,102717440
2026-02-19 03:00:00+00:00,66915.53125,84740096
2026-02-19 04:00:00+00:00,66789.984375,143282176
2026-02-19 05:00:00+00:00,66835.296875,0
2026-02-19 06:00:00+00:00,67105.7734375,318400512
2026-02-19 07:00:00+00:00,67162.84375,0
2026-02-19 08:00:00+00:00,66918.140625,0
2026-02-19 09:00:00+00:00,66813.484375,73097216
2026-02-19 10:00:00+00:00,66810.2578125,0
2026-02-19 11:00:00+00:00,66470.9375,0
2026-02-19 12:00:00+00:00,66483.296875,166684672
2026-02-19 13:00:00+00:00,65880.5625,1036775424
2026-02-19 14:00:00+00:00,66429.0859375,178354176
2026-02-19 15:00:00+00:00,66353.5703125,0
2026-02-19 16:00:00+00:00,66340.359375,0
2026-02-19 17:00:00+00:00,66290.6875,498089984
2026-02-19 18:00:00+00:00,66922.703125,0
2026-02-19 19:00:00+00:00,67021.28125,0
2026-02-19 20:00:00+00:00,67093.53125,0
2026-02-19 21:00:00+00:00,66900.234375,0
2026-02-19 22:00:00+00:00,66912.203125,445130752
2026-02-19 23:00:00+00:00,66944.359375,0
2026-02-20 00:00:00+00:00,67228.1953125,450121728
2026-02-20 01:00:00+00:00,67254.0390625,0
2026-02-20 02:00:00+00:00,67261.328125,0
2026-02-20 03:00:00+00:00,67343.1328125,285358080
2026-02-20 04:00:00+00:00,67233.375,57653248
2026-02-20 05:00:00+00:00,67743.9921875,983795712
2026-02-20 06:00:00+00:00,67835.203125,240646144
2026-02-20 07:00:00+00:00,67780.3203125,0
2026-02-20 08:00:00+00:00,67842.3046875,0
2026-02-20 09:00:00+00:00,68166.8203125,510959616
2026-02-20 10:00:00+00:00,67912.8984375,0
2026-02-20 11:00:00+00:00,67410.9375,1116385280
2026-02-20 12:00:00+00:00,67501.0625,349444096
2026-02-20 13:00:00+00:00,66736.4609375,2064957440
2026-02-20 14:00:00+00:00,67070.5546875,2165264384
2026-02-20 15:00:00+00:00,67543.796875,2016649216
2026-02-20 16:00:00+00:00,67753.578125,1054220288
2026-02-20 17:00:00+00:00,67574.7734375,3142328320
2026-02-20 18:00:00+00:00,67940.15625,1107406848
2026-02-20 19:00:00+00:00,67637.828125,298446848
2026-02-20 20:00:00+00:00,67704.0390625,279425024
2026-02-20 21:00:00+00:00,67789.5703125,502231040
2026-02-20 22:00:00+00:00,68043.890625,42770432
2026-02-20 23:00:00+00:00,67999.625,237027328
2026-02-21 00:00:00+00:00,67817.828125,0
2026-02-21 01:00:00+00:00,67951.6953125,0
2026-02-21 02:00:00+00:00,68005.3125,0
2026-02-21 03:00:00+00:00,67636.8515625,343064576
2026-02-21 04:00:00+00:00,67812.5078125,0
2026-02-21 05:00:00+00:00,67828.4921875,0
2026-02-21 06:00:00+00:00,67760.484375,0
2026-02-21 07:00:00+00:00,67836.328125,0
2026-02-21 08:00:00+00:00,68055.921875,0
2026-02-21 09:00:00+00:00,68127.8046875,0
2026-02-21 10:00:00+00:00,68174.34375,0
2026-02-21 11:00:00+00:00,68070.296875,0
2026-02-21 12:00:00+00:00,68173.328125,0
2026-02-21 13:00:00+00:00,68228.453125,0
2026-02-21 14:00:00+00:00,68451.859375,0
2026-02-21 15:00:00+00:00,68631.53125,0
2026-02-21 16:00:00+00:00,68302.8984375,0
2026-02-21 17:00:00+00:00,68400.296875,0
2026-02-21 18:00:00+00:00,68554.546875,0
2026-02-21 19:00:00+00:00,68526.921875,0
2026-02-21 20:00:00+00:00,68343.453125,0
2026-02-21 21:00:00+00:00,68353.4375,0
2026-02-21 22:00:00+00:00,67947.1640625,0
2026-02-21 23:00:00+00:00,67991.1796875,0
2026-02-22 00:00:00+00:00,67906.1796875,0
2026-02-22 01:00:00+00:00,68118.921875,0
2026-02-22 02:00:00+00:00,67885.890625,54294528
2026-02-22 03:00:00+00:00,68004.8359375,0
2026-02-22 04:00:00+00:00,67967.2265625,0
2026-02-22 05:00:00+00:00,67916.25,8597504
2026-02-22 06:00:00+00:00,68042.4453125,80891904
2026-02-22 07:00:00+00:00,67996.5703125,152504320
2026-02-22 08:00:00+00:00,67970.7890625,0
2026-02-22 09:00:00+00:00,68062.1796875,0
2026-02-22 10:00:00+00:00,68123.90625,0
2026-02-22 11:00:00+00:00,68194.921875,0
2026-02-22 12:00:00+00:00,67939.3515625,0
2026-02-22 13:00:00+00:00,67643.4375,676590592
2026-02-22 14:00:00+00:00,67432.828125,0
2026-02-22 15:00:00+00:00,67687.765625,705101824
2026-02-22 16:00:00+00:00,67611.46875,0
2026-02-22 17:00:00+00:00,67351.78125,560443392
2026-02-22 18:00:00+00:00,67409.9375,0
2026-02-22 19:00:00+00:00,67402.8828125,0
2026-02-22 20:00:00+00:00,67355.0703125,0
2026-02-22 21:00:00+00:00,67586.2265625,317214720
2026-02-22 22:00:00+00:00,67674.3671875,0
2026-02-22 23:00:00+00:00,67683.7890625,114765824
2026-02-23 00:00:00+00:00,66794.609375,387495936
2026-02-23 01:00:00+00:00,64614.25390625,7413393408
2026-02-23 02:00:00+00:00,64727.58984375,2688475136
2026-02-23 03:00:00+00:00,64946.36328125,1391380480
2026-02-23 04:00:00+00:00,64811.03515625,726140928
2026-02-23 05:00:00+00:00,65036.359375,1445154816
2026-02-23 06:00:00+00:00,65734.015625,1151135744
2026-02-23 07:00:00+00:00,65941.9375,1531883520
2026-02-23 08:00:00+00:00,65673.8359375,1101672448
2026-02-23 09:00:00+00:00,66387.96875,988643328
2026-02-23 10:00:00+00:00,66308.2578125,1222590464
2026-02-23 11:00:00+00:00,66182.5,598663168
2026-02-23 12:00:00+00:00,66259.6328125,447062016
2026-02-23 13:00:00+00:00,66121.859375,550219776
2026-02-23 14:00:00+00:00,65867.7421875,749633536
2026-02-23 15:00:00+00:00,65696.8359375,337715200
2026-02-23 16:00:00+00:00,65304.8828125,1943449600
2026-02-23 17:00:00+00:00,64738.64453125,2347921408
2026-02-23 18:00:00+00:00,64595.89453125,466255872
2026-02-23 19:00:00+00:00,64333.2734375,2623049728
2026-02-23 20:00:00+00:00,64430.45703125,1134514176
2026-02-23 21:00:00+00:00,64594.91796875,1185783808
2026-02-23 22:00:00+00:00,64745.125,771702784
2026-02-23 23:00:00+00:00,64567.2890625,213041152
2026-02-24 00:00:00+00:00,64912.8125,0
2026-02-24 01:00:00+00:00,64138.8125,0
2026-02-24 02:00:00+00:00,64104.38671875,0
2026-02-24 03:00:00+00:00,63548.0234375,0
2026-02-24 04:00:00+00:00,63301.16015625,1329778688
2026-02-24 05:00:00+00:00,63070.01171875,245972992
2026-02-24 06:00:00+00:00,63054.20703125,0
2026-02-24 07:00:00+00:00,63134.9609375,0
2026-02-24 08:00:00+00:00,63403.109375,81084416
2026-02-24 09:00:00+00:00,63228.16796875,0
2026-02-24 10:00:00+00:00,63286.55078125,0
2026-02-24 11:00:00+00:00,63193.3125,32129024
2026-02-24 12:00:00+00:00,62957.0234375,0
2026-02-24 13:00:00+00:00,62961.20703125,1003991040
2026-02-24 14:00:00+00:00,63470.140625,0
2026-02-24 15:00:00+00:00,64001.703125,599150592
2026-02-24 16:00:00+00:00,64227.59375,0
2026-02-24 17:00:00+00:00,64228.8046875,108855296
2026-02-24 18:00:00+00:00,64427.65234375,0
2026-02-24 19:00:00+00:00,64453.90234375,0
2026-02-24 20:00:00+00:00,64453.00390625,0
2026-02-24 21:00:00+00:00,64064.83203125,0
2026-02-24 22:00:00+00:00,64114.7109375,0
2026-02-24 23:00:00+00:00,64069.87109375,0
2026-02-25 00:00:00+00:00,64236.2734375,0
2026-02-25 01:00:00+00:00,65926.2578125,1085161472
2026-02-25 02:00:00+00:00,65898.5078125,610910208
2026-02-25 03:00:00+00:00,65408.60546875,0
2026-02-25 04:00:00+00:00,65447.0625,0
2026-02-25 05:00:00+00:00,64880.109375,0
2026-02-25 06:00:00+00:00,64881.859375,0
2026-02-25 07:00:00+00:00,65021.8671875,0
2026-02-25 08:00:00+00:00,65525.97265625,367554560
2026-02-25 09:00:00+00:00,65559.4921875,0
2026-02-25 10:00:00+00:00,65365.82421875,0
2026-02-25 11:00:00+00:00,65386.45703125,0
2026-02-25 12:00:00+00:00,66031.09375,806313984
2026-02-25 13:00:00+00:00,66241.3125,0
2026-02-25 14:00:00+00:00,66909.9296875,568209408
2026-02-25 15:00:00+00:00,67273.5234375,1881927680
2026-02-25 16:00:00+00:00,68298.890625,795623424
2026-02-25 17:00:00+00:00,68626.4140625,2329370624
2026-02-25 18:00:00+00:00,69373.6328125,2333483008
2026-02-25 19:00:00+00:00,69070.765625,1317265408
2026-02-25 20:00:00+00:00,69219.953125,1146933248
2026-02-25 21:00:00+00:00,68883.7109375,1541271552
2026-02-25 22:00:00+00:00,68304.9453125,562003968
2026-02-25 23:00:00+00:00,67972.640625,1552936960
2026-02-26 00:00:00+00:00,68336.0703125,1030565888
2026-02-26 01:00:00+00:00,68287.078125,0
2026-02-26 02:00:00+00:00,68278.4921875,0
2026-02-26 03:00:00+00:00,68193.25,0
2026-02-26 04:00:00+00:00,68588.71875,665313280
2026-02-26 05:00:00+00:00,68429.953125,0
2026-02-26 06:00:00+00:00,68190.3203125,3483697152
2026-02-26 07:00:00+00:00,67876.796875,0
2026-02-26 08:00:00+00:00,67954.359375,395726848
2026-02-26 09:00:00+00:00,68553.5625,567894016
2026-02-26 10:00:00+00:00,68298.1171875,228048896
2026-02-26 11:00:00+00:00,68018.875,463794176
2026-02-26 12:00:00+00:00,68175.6015625,0
2026-02-26 13:00:00+00:00,67926.7265625,0
2026-02-26 14:00:00+00:00,67680.6875,0
2026-02-26 15:00:00+00:00,67410.421875,837812224
2026-02-26 16:00:00+00:00,66596.4921875,0
2026-02-26 17:00:00+00:00,66826.6328125,0
2026-02-26 18:00:00+00:00,67336.1875,0
2026-02-26 19:00:00+00:00,67557.1796875,0
2026-02-26 20:00:00+00:00,67423.90625,0
2026-02-26 21:00:00+00:00,67459.8203125,0
2026-02-26 22:00:00+00:00,67544.796875,0
2026-02-26 23:00:00+00:00,67454.8984375,0
2026-02-27 00:00:00+00:00,67210.71875,0
2026-02-27 01:00:00+00:00,67286.1484375,81784832
2026-02-27 02:00:00+00:00,67362.4765625,0
2026-02-27 03:00:00+00:00,67641.2578125,454406144
2026-02-27 04:00:00+00:00,67750.015625,978874368
2026-02-27 05:00:00+00:00,67699.2890625,0
2026-02-27 06:00:00+00:00,67665.2265625,0
2026-02-27 07:00:00+00:00,67696.2578125,0
2026-02-27 08:00:00+00:00,67982.375,0
2026-02-27 09:00:00+00:00,67388.1484375,430137344
2026-02-27 10:00:00+00:00,66645.5546875,0
2026-02-27 11:00:00+00:00,66110.796875,2049581056
2026-02-27 12:00:00+00:00,65805.46875,1124368384
2026-02-27 13:00:00+00:00,66173.640625,781705216
2026-02-27 14:00:00+00:00,65862.6015625,0
2026-02-27 15:00:00+00:00,66120.5546875,0
2026-02-27 16:00:00+00:00,65505.83984375,0
2026-02-27 17:00:00+00:00,65659.328125,0
2026-02-27 18:00:00+00:00,65299.4375,0
2026-02-27 19:00:00+00:00,65419.8515625,0
2026-02-27 20:00:00+00:00,65570.7421875,0
2026-02-27 21:00:00+00:00,65518.3984375,0
2026-02-27 22:00:00+00:00,65595.28125,537399296
2026-02-27 23:00:00+00:00,65888.90625,0
2026-02-28 00:00:00+00:00,65946.0078125,0
2026-02-28 01:00:00+00:00,65811.4375,0
2026-02-28 02:00:00+00:00,65983.046875,0
2026-02-28 03:00:00+00:00,65798.34375,0
2026-02-28 04:00:00+00:00,65664.78125,0
2026-02-28 05:00:00+00:00,65529.15625,0
2026-02-28 06:00:00+00:00,63106.07421875,2928791552
2026-02-28 07:00:00+00:00,63853.66796875,2723946496
2026-02-28 08:00:00+00:00,63426.86328125,0
2026-02-28 09:00:00+00:00,63688.921875,635158528
2026-02-28 10:00:00+00:00,64001.16015625,0
2026-02-28 11:00:00+00:00,63836.734375,0
2026-02-28 12:00:00+00:00,64032.43359375,0
2026-02-28 13:00:00+00:00,64996.7265625,0
2026-02-28 14:00:00+00:00,64490.59765625,1171726336
2026-02-28 15:00:00+00:00,64862.44140625,0
2026-02-28 16:00:00+00:00,65147.98046875,0
2026-02-28 17:00:00+00:00,65421.79296875,0
2026-02-28 18:00:00+00:00,65889.9765625,0
2026-02-28 19:00:00+00:00,66335.4375,1341923328
2026-02-28 20:00:00+00:00,66903.65625,566038528
2026-02-28 21:00:00+00:00,66758.203125,791711744
2026-02-28 22:00:00+00:00,67276.6796875,843771904
2026-02-28 23:00:00+00:00,66967.6484375,438472704
2026-03-01 00:00:00+00:00,66821.7734375,177397760
2026-03-01 01:00:00+00:00,67271.4453125,2070257664
2026-03-01 02:00:00+00:00,67667.5390625,2856984576
2026-03-01 03:00:00+00:00,67487.265625,0
2026-03-01 04:00:00+00:00,67320.1875,1500217344
2026-03-01 05:00:00+00:00,67322.9296875,896880640
2026-03-01 06:00:00+00:00,66941.3515625,0
2026-03-01 07:00:00+00:00,67120.640625,0
2026-03-01 08:00:00+00:00,66539.4453125,0
2026-03-01 09:00:00+00:00,66373.390625,164118528
2026-03-01 10:00:00+00:00,66472.515625,0
2026-03-01 11:00:00+00:00,66468.6328125,0
2026-03-01 12:00:00+00:00,66342.71875,0
2026-03-01 13:00:00+00:00,66990.5078125,0
2026-03-01 14:00:00+00:00,66875.765625,0
2026-03-01 15:00:00+00:00,66880.40625,0
2026-03-01 16:00:00+00:00,66168.8828125,1017520128
2026-03-01 17:00:00+00:00,66061.0078125,236429312
2026-03-01 18:00:00+00:00,66302.34375,452481024
2026-03-01 19:00:00+00:00,65957.3046875,0
2026-03-01 20:00:00+00:00,65328.14453125,178216960
2026-03-01 21:00:00+00:00,65743.03125,0
2026-03-01 22:00:00+00:00,65249.9296875,517210112
2026-03-01 23:00:00+00:00,65722.3046875,600612864
2026-03-02 00:00:00+00:00,66532.3828125,667893760
2026-03-02 01:00:00+00:00,66532.8046875,0
2026-03-02 02:00:00+00:00,66341.1875,0
2026-03-02 03:00:00+00:00,66860.3671875,0
2026-03-02 04:00:00+00:00,66772.0703125,0
2026-03-02 05:00:00+00:00,66789.375,547819520
2026-03-02 06:00:00+00:00,66230.34375,0
2026-03-02 07:00:00+00:00,65960.0234375,731410432
2026-03-02 08:00:00+00:00,66252.703125,0
2026-03-02 09:00:00+00:00,66237.2890625,938999808
2026-03-02 10:00:00+00:00,66262.90625,407199744
2026-03-02 11:00:00+00:00,66305.390625,989827072
2026-03-02 12:00:00+00:00,65961.5625,384339968
2026-03-02 13:00:00+00:00,65444.7578125,741318656
2026-03-02 14:00:00+00:00,67064.1328125,2290221056
2026-03-02 15:00:00+00:00,69062.390625,5999210496
2026-03-02 16:00:00+00:00,69511.75,3535863808
2026-03-02 17:00:00+00:00,69117.0234375,1167335424
2026-03-02 18:00:00+00:00,68984.875,680484864
2026-03-02 19:00:00+00:00,68949.6328125,860475392
2026-03-02 20:00:00+00:00,69291.546875,343801856
2026-03-02 21:00:00+00:00,69425.90625,0
2026-03-02 22:00:00+00:00,69370.515625,0
2026-03-02 23:00:00+00:00,68793.3828125,0
2026-03-03 00:00:00+00:00,69013.921875,0
2026-03-03 01:00:00+00:00,68807.1796875,0
2026-03-03 02:00:00+00:00,68532.8984375,1382838272
2026-03-03 03:00:00+00:00,68360.0859375,0
2026-03-03 04:00:00+00:00,68106.1875,0
2026-03-03 05:00:00+00:00,67875.953125,128315392
2026-03-03 06:00:00+00:00,68093.921875,0
2026-03-03 07:00:00+00:00,68182.3203125,311177216
2026-03-03 08:00:00+00:00,66989.2109375,264359936
2026-03-03 09:00:00+00:00,66648.625,595922944
2026-03-03 10:00:00+00:00,66712.203125,890499072
2026-03-03 11:00:00+00:00,67054.8515625,488927232
2026-03-03 12:00:00+00:00,67396.375,1031700480
2026-03-03 13:00:00+00:00,66931.0,0
2026-03-03 14:00:00+00:00,66571.3359375,0
2026-03-03 15:00:00+00:00,67582.1015625,0
2026-03-03 16:00:00+00:00,68285.9375,0
2026-03-03 17:00:00+00:00,68309.140625,0
2026-03-03 18:00:00+00:00,68679.78125,22487040
2026-03-03 19:00:00+00:00,68455.4296875,23232512
2026-03-03 20:00:00+00:00,68213.5546875,0
2026-03-03 21:00:00+00:00,68064.7890625,0
2026-03-03 22:00:00+00:00,68271.6015625,0
2026-03-03 23:00:00+00:00,68300.28125,0
2026-03-04 00:00:00+00:00,68185.59375,658296832
2026-03-04 01:00:00+00:00,68423.7578125,1048698880
2026-03-04 02:00:00+00:00,68309.296875,0
2026-03-04 03:00:00+00:00,67669.0625,1025560576
2026-03-04 04:00:00+00:00,67811.9609375,419692544
2026-03-04 05:00:00+00:00,68270.9296875,0
2026-03-04 06:00:00+00:00,68486.2421875,1144762368
2026-03-04 07:00:00+00:00,69556.46875,831889408
2026-03-04 08:00:00+00:00,71028.4296875,2991038464
2026-03-04 09:00:00+00:00,71472.7109375,3960590336
2026-03-04 10:00:00+00:00,71260.1640625,1820475392
2026-03-04 11:00:00+00:00,71131.1171875,431890432
2026-03-04 12:00:00+00:00,71339.9921875,678121472
2026-03-04 13:00:00+00:00,71486.8828125,1226080256
2026-03-04 14:00:00+00:00,71628.4609375,2497908736
2026-03-04 15:00:00+00:00,73245.125,2881396736
2026-03-04 16:00:00+00:00,73410.8125,424943616
2026-03-04 17:00:00+00:00,73251.6796875,1400963072
2026-03-04 18:00:00+00:00,73556.8515625,411353088
2026-03-04 19:00:00+00:00,73717.9375,2265227264
2026-03-04 20:00:00+00:00,73156.828125,131170304
2026-03-04 21:00:00+00:00,73318.4609375,1153753088
2026-03-04 22:00:00+00:00,72755.4453125,196395008
2026-03-04 23:00:00+00:00,72670.125,1046552576
2026-03-05 00:00:00+00:00,72822.90625,0
2026-03-05 01:00:00+00:00,72492.8828125,162013184
2026-03-05 02:00:00+00:00,72449.1015625,150396928
2026-03-05 03:00:00+00:00,72513.1328125,0
2026-03-05 04:00:00+00:00,72823.25,0
2026-03-05 05:00:00+00:00,72287.265625,578125824
2026-03-05 06:00:00+00:00,72560.7109375,252207104
2026-03-05 07:00:00+00:00,71994.4453125,0
2026-03-05 08:00:00+00:00,72374.171875,0
2026-03-05 09:00:00+00:00,72599.0,0
2026-03-05 10:00:00+00:00,73390.0703125,0
2026-03-05 11:00:00+00:00,72876.4453125,855916544
2026-03-05 12:00:00+00:00,72960.703125,0
2026-03-05 13:00:00+00:00,72484.328125,0
2026-03-05 14:00:00+00:00,72711.2890625,0
2026-03-05 15:00:00+00:00,71481.0078125,0
2026-03-05 16:00:00+00:00,71318.9765625,0
2026-03-05 17:00:00+00:00,70707.5703125,0
2026-03-05 18:00:00+00:00,70981.2734375,0
2026-03-05 19:00:00+00:00,70952.4609375,0
2026-03-05 20:00:00+00:00,71259.5859375,0
2026-03-05 21:00:00+00:00,71139.5390625,0
2026-03-05 22:00:00+00:00,71246.0078125,0
2026-03-05 23:00:00+00:00,70790.78125,0
2026-03-06 00:00:00+00:00,70928.421875,0
2026-03-06 01:00:00+00:00,71244.7890625,0
2026-03-06 02:00:00+00:00,71211.6015625,161177600
2026-03-06 03:00:00+00:00,71074.9140625,0
2026-03-06 04:00:00+00:00,70594.9453125,0
2026-03-06 05:00:00+00:00,70448.7421875,0
2026-03-06 06:00:00+00:00,70644.921875,0
2026-03-06 07:00:00+00:00,71077.15625,0
2026-03-06 08:00:00+00:00,70762.578125,0
2026-03-06 09:00:00+00:00,70565.0078125,0
2026-03-06 10:00:00+00:00,70551.640625,0
2026-03-06 11:00:00+00:00,70202.3359375,0
2026-03-06 12:00:00+00:00,70014.0625,1219764224
2026-03-06 13:00:00+00:00,69358.984375,927875072
2026-03-06 14:00:00+00:00,68341.328125,2065895424
2026-03-06 15:00:00+00:00,68543.03125,0
2026-03-06 16:00:00+00:00,68470.203125,0
2026-03-06 17:00:00+00:00,67987.828125,39723008
2026-03-06 18:00:00+00:00,68190.609375,0
2026-03-06 19:00:00+00:00,68109.4140625,0
2026-03-06 20:00:00+00:00,68145.4453125,36192256
2026-03-06 21:00:00+00:00,68278.59375,77824
2026-03-06 22:00:00+00:00,68423.8984375,0
2026-03-06 23:00:00+00:00,68119.6484375,0
2026-03-07 00:00:00+00:00,68312.25,0
2026-03-07 01:00:00+00:00,68280.625,0
2026-03-07 02:00:00+00:00,68298.1015625,0
2026-03-07 03:00:00+00:00,68133.25,0
2026-03-07 04:00:00+00:00,68076.1484375,0
2026-03-07 05:00:00+00:00,67998.078125,0
2026-03-07 06:00:00+00:00,67745.171875,0
2026-03-07 07:00:00+00:00,67854.9375,0
2026-03-07 08:00:00+00:00,67763.1640625,0
2026-03-07 09:00:00+00:00,68016.796875,0
2026-03-07 10:00:00+00:00,67882.578125,0
2026-03-07 11:00:00+00:00,68020.875,0
2026-03-07 12:00:00+00:00,67995.0859375,0
2026-03-07 13:00:00+00:00,67923.0703125,0
2026-03-07 14:00:00+00:00,68038.125,0
2026-03-07 15:00:00+00:00,67910.8984375,0
2026-03-07 16:00:00+00:00,67818.6875,0
2026-03-07 17:00:00+00:00,67781.765625,0
2026-03-07 18:00:00+00:00,67588.6875,0
2026-03-07 19:00:00+00:00,67095.625,965033984
2026-03-07 20:00:00+00:00,67414.6171875,0
2026-03-07 21:00:00+00:00,67439.015625,0
2026-03-07 22:00:00+00:00,67240.6640625,25126912
2026-03-07 23:00:00+00:00,67267.703125,0
2026-03-08 00:00:00+00:00,67228.4921875,80328704
2026-03-08 01:00:00+00:00,67296.7109375,144486400
2026-03-08 02:00:00+00:00,66956.8046875,606951424
2026-03-08 03:00:00+00:00,67050.3515625,288538624
2026-03-08 04:00:00+00:00,66647.515625,278130688
2026-03-08 05:00:00+00:00,67171.09375,339662848
2026-03-08 06:00:00+00:00,67190.828125,0
2026-03-08 07:00:00+00:00,67277.71875,0
2026-03-08 08:00:00+00:00,67537.9296875,383299584
2026-03-08 09:00:00+00:00,67733.984375,697190400
2026-03-08 10:00:00+00:00,67893.5078125,643680256
2026-03-08 11:00:00+00:00,67537.6328125,203538432
2026-03-08 12:00:00+00:00,67305.921875,870957056
2026-03-08 13:00:00+00:00,67257.5390625,1407559680
2026-03-08 14:00:00+00:00,67291.859375,32139264
2026-03-08 15:00:00+00:00,67197.578125,235843584
2026-03-08 16:00:00+00:00,66930.7265625,436934656
2026-03-08 17:00:00+00:00,66974.2109375,514156544
2026-03-08 18:00:00+00:00,66853.7421875,0
2026-03-08 19:00:00+00:00,67294.5234375,0
2026-03-08 20:00:00+00:00,67210.8359375,424927232
2026-03-08 21:00:00+00:00,66978.71875,785186816
2026-03-08 22:00:00+00:00,66221.859375,2410731520
2026-03-08 23:00:00+00:00,65990.9765625,1615960064
2026-03-09 00:00:00+00:00,66406.7734375,1005076480
2026-03-09 01:00:00+00:00,66239.640625,1434687488
2026-03-09 02:00:00+00:00,66575.859375,582176768
2026-03-09 03:00:00+00:00,67198.7890625,1198792704
2026-03-09 04:00:00+00:00,67184.8125,0
2026-03-09 05:00:00+00:00,67887.1484375,1376468992
2026-03-09 06:00:00+00:00,67286.0859375,1159671808
2026-03-09 07:00:00+00:00,67527.171875,515100672
2026-03-09 08:00:00+00:00,67810.0078125,872071168
2026-03-09 09:00:00+00:00,67968.8359375,513470464
2026-03-09 10:00:00+00:00,67602.859375,660811776
2026-03-09 11:00:00+00:00,67781.9375,108179456
2026-03-09 12:00:00+00:00,68197.796875,1021566976
2026-03-09 13:00:00+00:00,69038.953125,2962694144
2026-03-09 14:00:00+00:00,69149.828125,2889764864
2026-03-09 15:00:00+00:00,69007.4609375,1895714816
2026-03-09 16:00:00+00:00,69032.734375,304201728
